student_id,name,class,guardian_contact,mentor_id
1,Frank Thomas,11B,martinezkurt@example.com,101
2,Brittany Cooper,10B,crystalpittman@example.org,118
3,Christopher Lopez,11B,david42@example.net,118
4,Jordan Brown,10B,alicia57@example.net,101
5,Alexis Garza,11B,lynn72@example.net,111
6,Chelsea Howard,10A,raymond81@example.org,102
7,Craig Davis,11A,perrysonya@example.org,114
8,Jeffrey Ross,10B,patrickgray@example.net,120
9,Michael Wiley,10B,brandonnewton@example.com,113
10,Stephanie Lawrence,11A,howellmichael@example.org,116
11,Sandra Rivera,11A,tanya92@example.org,113
12,Michael Johnson,10A,sharpkevin@example.net,106
13,Christine Johnson,11A,joycemorrison@example.net,109
14,Katelyn Johnson,11A,scott50@example.org,104
15,Melissa Crosby,11B,suttonbryan@example.org,115
16,Carol Henry,11B,davisalexis@example.com,108
17,David Cox,10A,jessicaware@example.com,118
18,Vicki Booker,11B,wmiller@example.com,101
19,Matthew Wiley,11B,xhall@example.net,118
20,Ann Jensen,11B,collinsnatalie@example.com,106
21,Sydney Gomez,10B,nguyenjared@example.com,110
22,David Patrick,10B,nancydavis@example.com,114
23,Alexandra Ball,10B,iflores@example.com,120
24,Catherine Fitzgerald,11A,qrodriguez@example.net,113
25,Tracey Wood,11B,yolson@example.net,116
26,Christina Guerra,10A,jasonsutton@example.org,119
27,Tonya Roberts,10B,idunlap@example.org,116
28,Frank Campos III,10B,timothy70@example.net,103
29,Kevin Giles,11B,diana60@example.com,109
30,Brianna Valdez,10A,taylor93@example.org,114
31,Abigail Lowery,10A,kellymartin@example.com,104
32,Rachel Graham,11A,qroberts@example.org,112
33,Melissa Martinez,11B,krangel@example.com,101
34,Rebekah Lowery,11A,miguelhatfield@example.net,114
35,Abigail Peterson,10A,ysimmons@example.com,107
36,Larry Mejia,11A,teresa69@example.com,116
37,Jane Allen,10B,smithrebecca@example.org,107
38,John Wells,11A,priscilla82@example.org,106
39,Jennifer Williamson,10B,smithjacob@example.com,111
40,Jeff Obrien,10A,jstark@example.org,114
41,Justin Lee,10B,youngjesse@example.org,106
42,Angela Lee,11B,joditurner@example.net,115
43,Leah Carpenter,10B,aandrade@example.net,109
44,Adam Yates,10B,daycarlos@example.com,115
45,Timothy Stevenson,11A,oward@example.org,117
46,Gabriela Carter,10A,hurleydeanna@example.org,108
47,Joseph Anderson,11B,matthew09@example.com,108
48,Maria Smith,10B,ashley96@example.com,112
49,Debra Wilson,11B,kathleen55@example.com,109
50,Alexander Allen,11B,rhondamurphy@example.com,120
51,Bradley Gallegos,10A,patriciaflores@example.net,115
52,Jacqueline Cline,10A,trujillojames@example.net,114
53,Amber Rush,10A,kevin62@example.org,111
54,David Dean,10A,russellhooper@example.org,101
55,Jake Davis,10A,vtravis@example.net,101
56,Fred Anderson,11B,danieldelgado@example.org,106
57,Norman Diaz,10A,jerry19@example.net,101
58,Andrea Flores,10A,thomaslee@example.com,105
59,Rachael Hernandez,11B,steven97@example.com,120
60,Ann Bailey,11B,sharonfrancis@example.org,113
61,Scott Horton,11A,jaustin@example.org,116
62,Glenda Melendez,11B,greeves@example.com,119
63,Jessica Jennings,10A,kiara40@example.org,107
64,James Gonzalez,10B,crystalmiles@example.net,108
65,Michael Brewer,10A,yhardin@example.com,109
66,Jennifer Martin,10A,johnholden@example.net,106
67,Felicia Ali,11B,duranedward@example.org,114
68,Derek Jacobs,10B,dyoung@example.net,118
69,Timothy Clay,10B,briggsregina@example.net,120
70,Alicia Reilly,11B,ronald99@example.com,102
71,Richard Mullins,11B,aliciawolf@example.net,117
72,Elizabeth Collins,10A,jenniferpearson@example.com,116
73,Kevin Rodriguez,10A,seandavis@example.com,107
74,Brittney Moore,11B,jenniferking@example.net,109
75,Christopher White,11A,weberlisa@example.net,112
76,Monica Howard,10B,smithbrian@example.org,113
77,Johnny Carrillo,11B,lisa24@example.net,118
78,Charles Hale,10A,awilkerson@example.org,106
79,Susan Clark,10B,david74@example.net,117
80,Pamela Boyd,10B,julieweaver@example.net,101
81,Stacy Mccullough,10A,johnwilliams@example.com,113
82,Natasha Sherman,11B,jacobsjoanne@example.net,102
83,Daniel Lopez,11B,andrealee@example.com,101
84,Janet May,10B,broth@example.org,107
85,Jordan Abbott,10A,garrisonbrian@example.net,101
86,Michelle Rogers,10A,matthew89@example.com,115
87,Bob Rasmussen,10B,milesangela@example.com,108
88,Jamie Ryan,11B,johnclayton@example.net,113
89,Lance Sharp,10B,morganvictoria@example.org,102
90,Cody Lopez,10A,john51@example.net,102
91,Michael Hayes,10B,williamgallagher@example.net,104
92,Lisa Potts,11B,cathy93@example.org,108
93,Mackenzie Ray,11A,fcollins@example.net,113
94,Patrick Williams,11B,katelyn88@example.com,109
95,Mary Vang,11A,tonya38@example.org,119
96,William Garcia,10B,jennifermata@example.net,103
97,Benjamin Lucas,10B,johnsonkarl@example.net,113
98,Dr. Michelle Kennedy,11B,james86@example.com,106
99,Michelle Sutton,11A,mitchell98@example.org,118
100,Lance Kramer,11B,benjamin82@example.com,111
101,Renee Guerra,10B,munozjohn@example.com,101
102,Mrs. Morgan Bishop,11B,dianerichard@example.com,104
103,Brandon Wilkins,11A,williamselizabeth@example.net,105
104,Sarah Terry DVM,11A,matthewwhite@example.com,116
105,Stephanie May,11B,torrestracie@example.com,116
106,Casey Savage,11B,gomezteresa@example.com,111
107,Aaron Deleon,10B,april35@example.com,118
108,Jessica Adams,10A,geoffreyhall@example.net,119
109,Tristan Wong,11B,justin37@example.com,110
110,Jason Zavala,10A,william61@example.com,106
111,Cameron Jenkins,10A,thomaswilliam@example.net,107
112,Janice Long,11A,morrisjohn@example.com,104
113,Colleen Aguilar,10B,torreskathleen@example.org,107
114,Whitney Sandoval,11A,ramirezdiana@example.com,115
115,Heather Hall,10A,edwardlawrence@example.net,114
116,Susan Newton,11B,ronaldreyes@example.com,117
117,Daniel Jones,10B,gchristian@example.org,111
118,John Floyd,11A,hperez@example.net,114
119,Joe Erickson,11A,masseydebra@example.net,103
120,Mackenzie Powell,10A,fischertaylor@example.com,107
121,Anthony Fields,10A,jenniferevans@example.org,114
122,Michael Price,11A,allenkelly@example.org,117
123,Megan Smith,11A,brenda61@example.com,116
124,Russell Ho,11B,lambkaitlyn@example.org,106
125,Brenda Haley,10B,carlos91@example.org,118
126,Jessica Henderson,11B,williamselijah@example.org,109
127,Kimberly Roberts,11A,qpratt@example.com,115
128,Christopher Patton,11A,john90@example.net,110
129,Kevin Adams,10B,sarahwilliams@example.org,113
130,Kimberly Myers,10A,reginaldellis@example.org,113
131,Patrick Davis,10A,alexis45@example.org,120
132,Daniel Davis,11A,oleon@example.net,120
133,Julie Brown,10A,dodsonmatthew@example.org,110
134,Angel Dickerson,10B,michaeljerome@example.org,119
135,Stephen Harvey,11A,lyonswillie@example.net,119
136,Rebecca Morris,10A,mwebb@example.com,109
137,Vanessa Henderson,10B,kennethwhite@example.net,105
138,Jennifer Browning,10A,thomas46@example.org,118
139,Laura Wilson,11B,bwilliams@example.org,104
140,Daniel Peterson,11A,carteralexander@example.org,104
141,Jillian Dorsey,11A,hfrancis@example.com,114
142,Frances Morrow,11B,jmason@example.org,111
143,Briana Hall,10A,cmcdonald@example.com,113
144,Ashley Williams,10A,bhoward@example.com,105
145,Jose Morgan,11A,wuwesley@example.org,103
146,Benjamin Garcia,10B,kfields@example.net,110
147,Nicole Nelson,10B,stephanie67@example.net,119
148,Sandy Martin,11A,emilyhayes@example.com,102
149,Anna Lucas,11B,joneskristin@example.org,110
150,Amy White,10B,nunezjeremy@example.net,114
151,Whitney Wong,11A,robinsonmartin@example.com,117
152,Michael Flores,11A,lisa72@example.net,116
153,Anthony Powell MD,10A,jasongay@example.com,101
154,Alexander Brown,11B,michellealexander@example.net,101
155,Sarah Wells,11A,trevor60@example.com,104
156,Zachary Miller,10A,heatherturner@example.org,113
157,Melissa Sullivan,10A,angiechristensen@example.net,120
158,Emily Hawkins,10B,nwilliams@example.com,106
159,Paula Hunt,10A,nicolemendoza@example.com,109
160,Madison Ingram,10B,taylorsanchez@example.com,101
161,Troy Bruce,11A,jeanette94@example.net,103
162,Kathleen Kelley,10A,kirk27@example.net,117
163,Patrick Martinez,11A,reiddarlene@example.org,115
164,Jessica Williams,10B,taramcdonald@example.net,115
165,Isaiah Singh,11B,ccooper@example.org,104
166,Jeffrey Rodriguez,11B,jjones@example.org,107
167,Kelli Soto,10A,longjessica@example.com,107
168,Dr. Thomas Barker MD,11B,jose14@example.net,109
169,Emily Werner,10A,tharmon@example.com,117
170,Matthew Davidson,11A,davidsonpatrick@example.com,118
171,Leslie Nelson,10A,martinezmichael@example.org,111
172,Jennifer Hernandez,10B,clarkpaul@example.org,108
173,Sharon Williams,11A,denisepalmer@example.com,107
174,Tiffany Graham,11A,robert01@example.org,107
175,Jennifer Anthony,10B,jonathanharvey@example.net,110
176,Kimberly Hammond,10A,donaldmartinez@example.net,115
177,Russell Perez,11B,kjohnson@example.com,103
178,Tracy Yoder,11A,marcus48@example.net,117
179,Deborah Horton,10B,zmartinez@example.org,119
180,Jimmy Joseph,10B,ballmichael@example.com,120
181,Rebecca Shields,11A,calvin49@example.net,114
182,Erica Lopez,10A,cindy61@example.org,105
183,Steven Kline,10B,acruz@example.net,115
184,Micheal Foster,10A,matthewreese@example.org,108
185,Barbara Long,10A,michaelmeadows@example.com,103
186,Heather Beck,11B,gardnersarah@example.org,112
187,Andrew Berry,10B,npatterson@example.org,120
188,Christopher Daniel,11B,miguelmiller@example.com,112
189,Paul Jones,11A,garciamelissa@example.net,115
190,Kaitlyn Smith,11A,michaelsmith@example.org,116
191,Benjamin Price,11B,pamela08@example.org,112
192,Scott Lawrence,10B,mendozatina@example.com,104
193,Danielle Joseph,10B,sbarnett@example.org,105
194,Kimberly Keith,11B,huntermarcus@example.org,115
195,Michelle Caldwell,11A,gary27@example.net,114
196,Anthony Wise,11B,alicia34@example.net,110
197,Kevin Phillips,11A,linda97@example.net,101
198,Michael Davidson,10B,farrelljasmine@example.com,102
199,Collin Rivera,10B,annette26@example.net,114
200,Theresa Houston,10A,christiansilva@example.com,103
201,David Maldonado,10B,ruthwilliams@example.org,119
202,Matthew Mccormick,10A,jamestate@example.org,119
203,Melissa Rogers,10A,michael90@example.net,115
204,Sonya Kirby,10B,abaker@example.com,112
205,Linda Liu,11A,trevorolsen@example.com,112
206,Gerald Novak,10B,whitevictor@example.org,109
207,Evelyn Peterson,10A,bellkenneth@example.org,101
208,Jessica Contreras,10B,douglasrussell@example.org,107
209,Mark Bowman,11B,garciakatherine@example.org,104
210,Denise Diaz,10A,christopher73@example.com,118
211,Hannah Hogan,10B,hayleymorales@example.org,111
212,Michael Parker,10A,carrollmichael@example.net,104
213,James Johnson,10B,adamguerrero@example.org,108
214,Richard Vasquez,10B,dianelopez@example.com,101
215,Christina Lane,10A,myersamber@example.org,115
216,Mark Erickson,10A,williamcunningham@example.net,117
217,Darryl Russo,11B,samantha49@example.net,101
218,Molly Williams,10A,steven71@example.net,107
219,Crystal Chapman,10B,joshuagutierrez@example.org,103
220,Kyle Diaz,10B,obrienshelly@example.com,113
221,Joseph Orozco,11A,hunterkelly@example.net,119
222,Kyle Kirby,10B,obrienallison@example.net,113
223,Eric Smith,11B,michael62@example.com,105
224,Tracey French,10A,barbaralewis@example.org,114
225,Bradley Dean,11B,pgray@example.net,116
226,Abigail Hammond,10B,wburnett@example.net,116
227,Michael Morgan,10B,hickslarry@example.com,116
228,Matthew Thompson,11A,ashley24@example.org,104
229,Charles Martinez,10B,allendeanna@example.org,114
230,Jasmine Mcfarland,10B,karenmayo@example.com,112
231,Holly Bailey,10A,patriciamorris@example.org,117
232,Veronica Greer,10A,lisarobinson@example.org,101
233,Matthew Jones,11A,maciasdrew@example.net,115
234,Andrew Martin,10A,lawrencemorgan@example.net,110
235,Mr. David Harris,10A,ariel04@example.org,118
236,Jennifer Pope,10A,mhouse@example.com,116
237,Marilyn Davis,10B,imiller@example.org,119
238,Martha Lowery,10B,theresamartinez@example.org,105
239,David Brooks,10A,butlermichele@example.com,105
240,Sheri Burch,11B,bsoto@example.com,104
241,Zachary Henson,11A,sarahhayes@example.net,101
242,Christine Mason,11B,rcummings@example.net,118
243,Andrew Brown,11A,lisacisneros@example.net,117
244,Tyler Valenzuela,11B,jameswebster@example.org,115
245,Michael Warren,11A,stevensalex@example.com,105
246,Jorge Perez,11A,megan47@example.com,118
247,Sarah Stout,10A,reginaarmstrong@example.net,105
248,Matthew Mendez,11B,jennifer31@example.com,119
249,Maria Johnson,11A,fgraham@example.com,114
250,Alexis Mcguire,11A,april74@example.net,120
251,Lawrence Olson,10B,nicolecarter@example.org,109
252,Sonya Newton,11A,lyonsmelanie@example.net,110
253,Bruce Dennis,11A,susanbrown@example.org,110
254,Megan Long,11B,hammondjonathan@example.org,111
255,Christine White,10A,jacksongregory@example.com,105
256,Mr. Jason Proctor,11B,jacqueline12@example.org,103
257,Elizabeth Black,11B,miguel25@example.org,119
258,Michelle Gonzalez,11A,austindaniels@example.net,107
259,Michelle Marks,11B,robinsonjacqueline@example.net,101
260,Joseph Murray,11A,steven94@example.org,107
261,Thomas Lawson,11A,katherinesweeney@example.net,104
262,Steven Jones,10B,david45@example.com,119
263,Bradley Baker,10B,jhayes@example.com,103
264,Richard Chapman,11A,williamselizabeth@example.org,106
265,William Mitchell,10A,sarahwilliams@example.com,110
266,William Dickerson,10B,xmcgrath@example.net,120
267,Michael Hernandez,10A,derek65@example.com,110
268,Carrie Lutz,11A,cynthiaperez@example.org,109
269,Joseph Willis,11B,louisking@example.com,109
270,Brittany King,11A,jrichardson@example.com,120
271,Linda Wilson,10A,jeffreywest@example.net,109
272,Anthony Daniels,11B,bpham@example.com,103
273,Barbara Little,11A,anthony62@example.net,116
274,Melissa Banks,10B,taylorchristopher@example.org,104
275,John Meyer,11A,mary97@example.com,119
276,Dylan Lynch,11A,molly46@example.com,115
277,Joseph Ford,11B,nfrederick@example.net,117
278,Rhonda Matthews,11B,ramirezlindsey@example.net,116
279,Brian Smith,11B,uhogan@example.net,113
280,Alexa Phillips,10B,michaelwilliams@example.net,117
281,Mario Parker,11B,juliastafford@example.net,102
282,Jeremy Kelly,11A,caitlin64@example.com,106
283,Russell Johnson,10B,hayleysmith@example.com,115
284,Evan Clark,11A,larry56@example.net,114
285,Darius Nunez,10B,ssweeney@example.org,116
286,John Humphrey,11B,wayne38@example.net,108
287,Linda Nelson,10A,mitchelljerry@example.com,117
288,Bobby Jones,10B,jonathan66@example.org,118
289,Gregg Medina,10A,karenjackson@example.com,111
290,Scott Hamilton,10A,snowscott@example.org,104
291,Erika Palmer,11B,laurenunderwood@example.com,120
292,Caitlin Adams,11B,kristin35@example.net,102
293,Whitney Martin,10B,jordanramos@example.org,116
294,Pamela Herrera,11B,jessica94@example.net,107
295,Ashley West,10B,steven34@example.org,109
296,David Palmer,11B,tonyawheeler@example.net,115
297,Angela Smith,10B,hessnoah@example.net,113
298,Shannon Cummings,11B,qbrown@example.org,104
299,Robin Fischer,11B,joshua29@example.org,104
300,Patrick Carey,11A,stephanie65@example.net,104
301,Tanya Dixon,10B,robinsonsean@example.org,120
302,Garrett Nguyen,10B,jimmywilliams@example.net,118
303,Vanessa Steele,10B,randy69@example.org,119
304,Eduardo Knox,10A,mwright@example.org,113
305,Catherine Sanders,11B,amberchung@example.com,101
306,Nicole Reynolds,11B,sharon66@example.net,113
307,Dale Robinson,10B,jacksonamanda@example.com,101
308,Joshua Morales,11B,sheilahill@example.net,117
309,Nathan Weber,11B,johnsontiffany@example.com,106
310,Joseph Cortez,11B,dalton20@example.net,120
311,Kathryn Ramos,11B,carl79@example.com,103
312,Lindsey Tran,10B,davisamy@example.com,118
313,Kelsey Bennett,10B,maria14@example.org,119
314,Angela Morgan,11B,kristina40@example.net,102
315,Kyle Hernandez,10A,jessica98@example.org,117
316,Ruth Keith,10B,cooperbenjamin@example.com,115
317,Madison Collins,11A,gina13@example.com,120
318,Kimberly Richardson,10B,xwarren@example.com,107
319,Tracy Thomas,11B,pterry@example.com,117
320,Michelle Gregory,11A,pamelagomez@example.com,108
321,Kristin Brown,10A,ashley24@example.net,111
322,Kimberly Sanford,11A,dwelch@example.net,120
323,Logan Jones,10B,david03@example.com,111
324,William Fleming,11A,tpena@example.org,119
325,Meagan Cohen,10B,cantuchristopher@example.com,112
326,Steven Bryant,10B,randallcheryl@example.com,103
327,Richard Lopez,10A,charles90@example.com,111
328,Amy Bailey MD,10B,halllaura@example.net,116
329,Aaron Smith,10A,erin86@example.net,102
330,Michael Anderson,11B,christopherrojas@example.org,116
331,Joshua Nguyen,10B,alopez@example.com,109
332,Justin Moyer,10B,wcampos@example.net,112
333,Elizabeth Eaton,10A,vhuerta@example.net,111
334,Courtney Braun,11B,thomasbrenda@example.com,107
335,Amy Williams,11B,yross@example.net,118
336,Trevor Mckenzie,11B,ksmith@example.net,111
337,Chris Hughes,10B,newmanpaige@example.net,107
338,Justin Cook,10B,rileywilliams@example.net,108
339,James Ramirez,10B,trevorsmith@example.com,120
340,Tina Morris,11B,pgardner@example.com,101
341,Shelley Hodges,11B,tharrison@example.net,104
342,Amy Martin,11B,bbarker@example.org,112
343,Shelia Holt,10B,sandra58@example.net,116
344,John Carpenter,11A,wford@example.net,117
345,Mr. John Nguyen MD,11A,swilson@example.com,106
346,Tina Saunders,10A,briansnyder@example.com,111
347,Mrs. Heather Butler,11B,simpsonleah@example.org,104
348,Chase Golden,11A,qpham@example.org,107
349,Shawna Lambert,10A,ddrake@example.org,106
350,Wanda Hernandez,10B,matthew42@example.net,109
351,Barbara Foley,11A,qblankenship@example.org,116
352,Heather Bradshaw,10B,crystalkeller@example.com,116
353,Brenda Rivera,11B,nlee@example.com,119
354,Joanne Villanueva,10B,lisa66@example.net,111
355,Kendra Sanchez,11B,nielsenanna@example.com,102
356,Sandra Potts,10A,gravesjoshua@example.org,115
357,Michael Ross,10B,hrandall@example.org,110
358,Amber Wong,10A,adam62@example.com,116
359,Matthew Martin,11A,smithtracy@example.net,101
360,Martha Nguyen,10A,xjohnson@example.net,112
361,Scott Hicks,11A,kennethstevens@example.com,113
362,Mr. Philip Cardenas MD,10B,juan84@example.org,103
363,Robert Key,10B,schmidtalexandra@example.com,112
364,Sharon Williams,10A,hawkinsnoah@example.com,109
365,Daniel Flores,11B,nhamilton@example.com,101
366,Sheri Mann,10B,garrett19@example.org,102
367,William Nelson,10A,wdunn@example.net,109
368,Deborah Black,11B,goldentyler@example.com,102
369,Scott Rivera,10B,staceyalvarado@example.net,108
370,Brian Chavez,10A,zperkins@example.net,103
371,Jose Allison,10A,fwright@example.org,110
372,Jason Rhodes,10B,dillonsydney@example.net,103
373,Rebecca Williams,10B,aprilaustin@example.net,112
374,Denise Hernandez,10B,tinamurphy@example.org,116
375,David Valencia,11B,nguyenmelissa@example.com,101
376,Rodney Dominguez,10B,jennifer54@example.org,101
377,Megan Ellis,10B,cayers@example.com,119
378,Mary Thompson,11A,rachelperez@example.org,104
379,Eric Ferrell,10B,castroerin@example.net,102
380,Sarah Bowers MD,10B,ssullivan@example.com,110
381,Margaret Torres,11A,reedmarcus@example.com,120
382,Benjamin Berg,11B,shermanlisa@example.net,101
383,Terry Taylor,10B,ygarcia@example.com,111
384,Barbara Lopez,11A,doyleashley@example.com,101
385,Tracy Hicks,10A,moodytiffany@example.com,101
386,Patricia Phillips,11B,gtaylor@example.net,103
387,Pamela Moore,10A,deleonashley@example.com,108
388,Mary Montoya,11A,fullershannon@example.org,117
389,John Tanner,11B,rangeljonathon@example.com,119
390,Bryan Mcgee,11A,marthawest@example.org,112
391,Kathleen Johnson,10B,ztaylor@example.net,115
392,Erika Smith,10A,rwashington@example.com,119
393,Shawn Douglas,11A,henry55@example.org,113
394,Mark Grant,10A,john37@example.org,113
395,Kenneth Williams,11A,briggspatricia@example.com,118
396,Yvonne Peterson,11A,ehenderson@example.com,113
397,Scott Adams,11A,jessica80@example.net,118
398,Jeffery Becker,10A,uknight@example.org,108
399,Mercedes Sellers,11A,pfigueroa@example.com,116
400,Elijah Buckley,11B,jasonochoa@example.net,111
401,Edward Bush,10A,brittany05@example.net,109
402,Gabrielle Kirk,11B,nrodriguez@example.net,117
403,Cole Gonzalez,10A,christopherblankenship@example.org,118
404,Chelsea Baker,11A,selena99@example.net,107
405,Anna Henry,11A,raymond63@example.net,103
406,Margaret Ortiz,11B,carterkim@example.org,116
407,Ashley Webster,10A,thomas67@example.net,115
408,Michelle Baldwin,10A,tinarobles@example.net,103
409,Grant Rich,11B,tony10@example.net,105
410,Joseph Mcdaniel,11B,bryanfleming@example.net,111
411,Brian Evans,10A,katherinemiller@example.net,109
412,Gerald Manning,11A,cookkyle@example.net,107
413,Darrell Spencer,10A,michaelwilkins@example.com,120
414,Tina Harvey,10A,emmathomas@example.net,120
415,Randy Nguyen,10A,harrischristine@example.com,104
416,Karen Chang,11B,webbkristen@example.org,110
417,Shawn Russell,10B,jasondowns@example.com,109
418,Joshua Dickson,10A,mwagner@example.com,108
419,Thomas Johnson,11A,tfriedman@example.org,101
420,Anthony Mclaughlin,11A,thunt@example.net,101
421,Maria Ramos,10B,jasonsavage@example.com,105
422,Ronald Mcdonald,11A,newtonashley@example.com,113
423,William Peterson,11B,fordbrenda@example.net,102
424,Bryan Hernandez,10A,efoster@example.com,119
425,Paul Gonzalez,10A,donaldrogers@example.org,102
426,Thomas Wells,10B,lblake@example.net,119
427,Gregory Higgins,10B,rachellevy@example.org,115
428,Benjamin Williamson,10A,brandonperry@example.com,111
429,Dean Huff,11B,wendy62@example.com,104
430,John Johnson,10A,vberry@example.net,119
431,Melissa Huynh,10B,jonathangonzalez@example.net,120
432,Amanda Branch,10B,alexabailey@example.org,118
433,Eric Lynch,10B,adamsmegan@example.net,107
434,Michael Garcia,10A,zholmes@example.net,103
435,Michele Lee,11B,taylorlaura@example.com,120
436,Margaret Flynn,10B,berryjoseph@example.net,115
437,Gerald Glass,10A,hubbardroger@example.org,108
438,Jason Warner,11A,ipotter@example.org,119
439,Jose Peterson,10A,mark60@example.org,113
440,Brooke Russell,11B,qford@example.net,105
441,James Wilson,11A,woodskelsey@example.net,102
442,James Maldonado,11B,james38@example.net,102
443,Jeremy Owen,10B,thomasricardo@example.com,107
444,Michael Obrien,11A,kpowers@example.net,102
445,Bridget Gonzalez,11B,ythornton@example.com,104
446,Barbara Bell,10A,christopherrichardson@example.com,103
447,George Gray MD,11B,kevinvilla@example.com,114
448,Thomas Graves,11B,johnstonshaun@example.org,111
449,Joshua Stanton,10B,crystallynch@example.net,108
450,Kenneth Kelly,10B,ashleyjohnson@example.org,117
451,Jessica Morales,10A,james20@example.com,108
452,Shane Robinson,10B,johnsonmorgan@example.org,117
453,Louis Garza,10A,anna78@example.com,106
454,Jason Morales,11B,ymartinez@example.com,104
455,Allison Shaw,10A,jenniferhaney@example.net,108
456,Brian Davis,11A,coxlee@example.net,106
457,Vincent Jones,11B,colemansummer@example.org,104
458,Jacob Moore,10B,jennifermeyer@example.com,111
459,Edgar Rowe,10A,esawyer@example.org,112
460,Timothy Berry,11B,cindy99@example.com,120
461,Joseph Mcfarland,10A,matthewcosta@example.org,113
462,Eric Bradshaw,10B,jasonsteele@example.org,108
463,Jordan Lang,11A,larsonmelissa@example.org,107
464,Norman Frazier,11B,andersondaniel@example.org,101
465,Robert Garcia,10B,hannahmorrow@example.net,113
466,Tina Lopez,10A,jcastillo@example.com,114
467,James Cook,11A,gabriella45@example.net,107
468,Benjamin Gonzalez,11B,anthony92@example.org,117
469,Gregory Juarez,10B,joseph33@example.org,117
470,George Rodriguez,11B,barbara19@example.com,110
471,Charles Levy,11A,kimberly72@example.net,119
472,Bruce Olson,10A,walter08@example.org,115
473,Benjamin Phillips,11A,jenniferparker@example.net,117
474,Victor Monroe,10A,okelley@example.net,101
475,Tanya Cardenas,10B,mitchellyoung@example.org,115
476,Logan Ali,10B,sibarra@example.com,107
477,Stephanie Lee,11A,sheltonjessica@example.net,112
478,Daniel Snyder,10B,prodriguez@example.org,101
479,Dennis Allen,10B,cameronfernando@example.com,110
480,Diane Ewing,10B,allison68@example.net,115
481,Travis Steele,11A,andrewhardin@example.org,107
482,Breanna Ewing,10A,nicholaswright@example.net,101
483,Sherry Clark,11B,cartermarissa@example.net,103
484,Cassidy Mccoy,10A,ryan89@example.com,101
485,Jacqueline Cook,10A,shawjames@example.org,117
486,Natalie Johnson,10B,robertstevenson@example.net,117
487,Madison Robinson,10A,herrerarodney@example.net,102
488,Amber Morris MD,11A,watsoneric@example.org,112
489,Robert Mitchell,10B,qgreen@example.org,112
490,Richard Green,10B,cburgess@example.org,120
491,Jose Arnold,10A,qgutierrez@example.org,106
492,Dwayne Walker,11B,petersedward@example.org,107
493,Ana Wilson,10A,lbates@example.net,112
494,Howard Rivera,10A,lisarivera@example.org,104
495,Jacqueline Robertson,10B,acannon@example.net,115
496,Sean Flores,10B,nicole09@example.org,110
497,Brenda Rodriguez,11B,patrick72@example.com,116
498,Mark Myers,10B,jadefletcher@example.org,101
499,Scott Stevens,11A,kristin26@example.net,104
500,Sharon Brown,11B,leslie86@example.com,106
501,Jessica Powell,11A,mlewis@example.net,108
502,Jonathan Page,11A,imartin@example.com,111
503,Joanna Juarez,11A,molly41@example.net,106
504,Leslie Kennedy,11A,christensenroger@example.net,110
505,Jackie Odom,11A,brian71@example.org,115
506,Julie Washington,11B,davisnicholas@example.com,114
507,Christopher Larsen,10A,gwilson@example.com,102
508,Ryan Jimenez,11B,amanda09@example.com,107
509,James Flores,10B,hollyrowe@example.org,116
510,Madeline Deleon,11A,zmiller@example.net,115
511,Suzanne White,10A,mooremorgan@example.com,115
512,Adam Nelson,11A,lisa28@example.com,107
513,Brandon Roy,11B,jorgeroberts@example.com,115
514,Travis Garcia,10B,toddchase@example.net,114
515,Stephanie Evans,11A,sara87@example.net,111
516,Thomas Phillips,10B,tracy72@example.org,117
517,Casey Bush,10A,sarah64@example.com,117
518,Justin Parks,10A,bradley56@example.com,103
519,Christopher Ross,11B,ewatkins@example.com,113
520,Jacqueline Davenport,10B,miguelkane@example.org,102
521,Lisa Robinson,11B,patelmatthew@example.net,112
522,Katie Bullock,11B,zpoole@example.com,101
523,Darius Mason,10B,dustin08@example.net,116
524,Malik Anthony,11A,yfoster@example.com,120
525,Tony Dunn,10B,charlesallen@example.net,102
526,Heather Clayton,11A,elizabeth47@example.com,119
527,Marc Hall,10A,derrickmassey@example.com,103
528,Stephanie Grimes,11B,hamiltonamy@example.com,104
529,Eric Jensen,11B,ryan77@example.net,108
530,Randall Trevino,11B,ureyes@example.com,112
531,Kimberly Montes,10A,garciamaureen@example.org,113
532,Kyle Davis,11A,creyes@example.org,105
533,Bryan Salas MD,10B,rebecca90@example.com,105
534,Ryan Russell,11A,cassandra72@example.net,109
535,Cassandra Nunez,10B,meyerdaniel@example.org,101
536,Alexander Lawrence,10B,stephenfrey@example.com,101
537,Jason Yang,10A,hunterjoshua@example.org,106
538,Anita Rivera,11A,djacobson@example.com,108
539,Ralph Wilson,10B,watsonmichaela@example.org,115
540,Roy Hall,11B,leah55@example.org,109
541,David Perez,10B,ccollins@example.net,115
542,Deborah Black,10A,pageeric@example.org,118
543,Wayne Sanchez,10B,pcunningham@example.com,117
544,Paula Buchanan,11A,zfrost@example.net,117
545,Derek Terry,10B,bdickerson@example.com,119
546,Katherine Murphy,10B,terri50@example.net,101
547,Sandy Hatfield,11A,jorgehart@example.com,106
548,Danielle Santos,11A,andrea06@example.net,108
549,Brian Wolf,10B,tinamoran@example.net,115
550,John Espinoza,10A,angelagraham@example.net,114
551,Cody Rice,11B,lloydallison@example.org,118
552,Clinton Lowery,11B,wfoster@example.com,104
553,Tara Diaz,10B,frank58@example.com,108
554,Anthony Johnson,11A,josephanderson@example.com,103
555,James Foster,11A,gregoryharris@example.net,114
556,Julia Carter,10A,farleylisa@example.org,106
557,Kaylee Wilson,11B,jason04@example.org,114
558,Joyce Smith,10B,joneseric@example.net,113
559,Christopher Smith,10B,graymisty@example.org,101
560,Maria Ewing,10B,erin23@example.com,119
561,Ronald Hanson,11A,todd39@example.org,101
562,Sandra Benjamin,10A,dylanfinley@example.org,113
563,Michael Henry,11A,rickymcintosh@example.net,115
564,John Orozco,11A,melinda67@example.net,109
565,John Williams,10A,angelawright@example.com,110
566,Tanner Martinez,10B,chelsea09@example.org,107
567,Sharon Keller,10B,jenny32@example.net,101
568,Nicholas Greene,11B,john75@example.org,117
569,Justin Small,10A,solomonkaren@example.net,102
570,Samuel Bradley,10A,ewolfe@example.com,113
571,Katherine Cook,10A,thomassanchez@example.net,103
572,Denise Russo,10A,rachelbrown@example.com,107
573,Cody Lawrence,11B,michaelcastro@example.com,112
574,Kenneth Hansen,10B,wjames@example.com,119
575,Alexis Fox,10A,marissa47@example.org,116
576,Diana Doyle,11A,garretthernandez@example.org,115
577,Matthew Johnson,11B,jessekidd@example.net,119
578,Erik Terrell,11B,joel21@example.org,113
579,Andrew Conley,10B,ruthvaughn@example.org,119
580,Kyle Moore,10B,james02@example.com,120
581,Emily Oconnell,10A,haneyandrew@example.org,114
582,Laura Manning,10A,davidstanley@example.org,105
583,Duane Owens,11A,sandy31@example.com,110
584,James Morris,10A,chandlerkenneth@example.com,108
585,Natalie Booth,11A,ugreen@example.org,120
586,Jerry Finley,10A,olarson@example.com,120
587,Mallory Oconnell,10B,smithleslie@example.com,114
588,Shannon Romero,10A,jallen@example.org,104
589,Mathew Logan,11A,ingrambailey@example.com,102
590,Shannon Williams,11A,victor89@example.com,105
591,Patricia Bauer,10A,alexandra24@example.net,117
592,Eric Rodriguez,10A,beckywhite@example.net,115
593,Christopher Butler,11A,audreyschmitt@example.com,111
594,Marcus Johnson,10B,juliediaz@example.com,115
595,Nathan Knapp,10A,greendavid@example.com,102
596,Brian Taylor,10B,ericmckenzie@example.net,106
597,Sean Johnson,11B,jennifer13@example.com,107
598,Earl Abbott,11B,kevin88@example.com,106
599,Pamela Hood,11B,kylepeterson@example.org,120
600,Renee Mcdonald,11B,marshvictoria@example.org,105
601,William Woods,11A,edward63@example.com,115
602,Adrian Thompson,11B,joseph66@example.com,112
603,Melissa Jones,11B,jennifer05@example.com,111
604,Eddie Gardner,10B,xbryant@example.net,103
605,Matthew Rogers,11A,barrettchad@example.net,119
606,David Mullins,10A,loganjohn@example.net,103
607,Luke Lopez,11A,along@example.org,120
608,Anthony Cline,11A,reevesrobert@example.com,101
609,Mark Herman,11A,jacob31@example.org,115
610,Amy Harris,10B,wcampos@example.org,104
611,John Evans,11A,robertgreen@example.com,110
612,Benjamin Ray,10B,sonya55@example.org,111
613,Marilyn Alvarez,10B,barnettdaniel@example.org,111
614,Austin White,10B,stacy27@example.net,113
615,Timothy Garcia,10B,nicolevasquez@example.org,109
616,Nicole Jones,11B,taylorwhitney@example.org,102
617,Nicholas Young,10B,btaylor@example.com,119
618,Laurie Hines,10A,jessica60@example.org,105
619,Mr. John Hall,11B,rowlandchristopher@example.com,107
620,Bonnie Brown,10A,alexandermann@example.org,114
621,Joseph Burnett,11A,smithlawrence@example.com,108
622,Sean White,11B,nicoletate@example.org,104
623,Kristina Anthony,10A,champton@example.com,118
624,Dominique Rose,11B,stacy29@example.org,108
625,Frederick Garcia,10A,williamskevin@example.com,111
626,Jody Lopez,10B,nhughes@example.com,103
627,Natasha Washington,10A,sharonbryant@example.com,102
628,Deanna Fernandez DVM,10A,martinezjamie@example.com,102
629,Jessica Burns,10A,farnold@example.com,109
630,Charles Crawford,10B,kellyowen@example.net,101
631,Christy Lynn,10B,miguelhansen@example.org,108
632,Jason Moran,10B,alexanderrodriguez@example.net,108
633,Mary Richardson,10B,carlawarner@example.com,105
634,Charles Gibson,11A,katie87@example.org,114
635,Timothy Cohen,10B,morenojennifer@example.net,102
636,Sean Leach,11B,noaholsen@example.net,103
637,Caitlin Bauer,11B,cyoung@example.org,111
638,Dakota Morrison,11A,nicholas65@example.net,117
639,Brian Foster,11A,mariehuffman@example.net,101
640,Sean Boone,10A,carpenterkevin@example.org,101
641,Angel Phillips,11A,kenneth05@example.net,101
642,Stefanie Taylor,10A,thomas98@example.net,107
643,Matthew Mendez,11A,reynoldsdawn@example.org,106
644,Arthur Chan,10B,markdean@example.org,109
645,Beverly Moses,11B,ystanley@example.net,109
646,Elizabeth James,11B,garciarobert@example.org,115
647,Jimmy Ramos,11A,hhammond@example.net,115
648,Veronica Floyd,10B,sholland@example.org,110
649,Donald Vaughn,11A,summer10@example.net,119
650,Madison Allen,11B,ymaldonado@example.com,119
651,Mrs. Jocelyn Paul,10A,donald64@example.net,114
652,James Young,10B,kyle39@example.net,109
653,Ricky Adams,11B,kimberly24@example.com,108
654,Sherri Blevins,11A,silvashelley@example.org,120
655,Benjamin Brooks,10B,ryan91@example.net,110
656,Lisa Aguilar,10B,erin29@example.org,110
657,Susan Schmidt,10B,kimberly95@example.org,116
658,Christopher Leonard,11A,paula87@example.net,104
659,Zoe Wood,10A,emily26@example.org,118
660,Whitney Smith,11B,nelsonrobert@example.net,108
661,Cody Reed,11B,melissa99@example.org,116
662,Alexander Hicks,11B,cindyjohnson@example.net,108
663,Alison Davis,11B,floreswilliam@example.com,109
664,Johnathan Hancock,11B,ggonzalez@example.org,104
665,Jessica Gregory,10B,heathermcdonald@example.org,113
666,Natalie Holt,11A,williamsyolanda@example.net,117
667,James Reyes,10B,allison09@example.com,107
668,Caitlin Cummings,11B,fblackburn@example.org,113
669,Jack Carroll,11A,charmon@example.org,106
670,John Coleman,10B,melissadunn@example.org,106
671,Christina Ward,10A,brandonpeterson@example.com,101
672,Christy Hunt,10B,kyle91@example.net,115
673,Michael Montes,10B,ugarza@example.com,105
674,Breanna West,10A,rnelson@example.net,116
675,Diana Shepherd,11A,xbaker@example.com,101
676,Jennifer Berry,10B,katrina18@example.org,109
677,Danielle Hernandez,10A,andreasmith@example.net,106
678,Jennifer Burch,10B,jessecuevas@example.org,111
679,Vicki Rivera,10B,longelizabeth@example.com,120
680,Sarah Wright,10A,pattonmichelle@example.com,106
681,Cole Brown,10B,pphillips@example.org,119
682,Nathan Berry,11B,brettwilson@example.com,110
683,Elizabeth Ramirez,10B,thomas32@example.org,103
684,Traci Hamilton,11A,cynthiaking@example.org,102
685,Erin Perry,10A,reyeskayla@example.org,115
686,Cassidy Price,10A,huntwilliam@example.com,116
687,Jacqueline Brooks,11B,richmichelle@example.net,113
688,Matthew Strickland,11A,williamsjustin@example.org,101
689,Kirsten Kim,11A,randy59@example.com,101
690,Scott Robinson,10A,mking@example.org,111
691,Linda Tyler,10B,rluna@example.com,101
692,Eugene Miller,10A,kimberly94@example.com,117
693,Holly Jimenez,10A,gutierrezjoseph@example.com,113
694,Eugene Mata,10A,cervantesjohn@example.org,120
695,Destiny Shea,10B,skelley@example.net,102
696,Melissa Jackson,10A,kelly45@example.net,107
697,Dennis David,10B,kaustin@example.com,111
698,Sarah Woods,10B,lauren41@example.com,102
699,Lisa Shaw,10B,guzmanjose@example.net,109
700,Bradley Harris,10B,michael82@example.net,112
701,Kristen Johns DVM,11A,madison78@example.net,107
702,Thomas Smith,10B,john86@example.com,113
703,David Jones,11B,ljames@example.com,112
704,Roger Rogers,11A,wallacejonathan@example.com,109
705,Jennifer Adams PhD,11B,timothybradley@example.org,115
706,Jon Guerra,11B,cindyfisher@example.net,106
707,Peter Atkinson,10B,john06@example.net,114
708,Edward Boyd,11A,eduardo10@example.net,105
709,Joel Lewis,10B,aguirredaniel@example.org,107
710,John Stark,11B,helenroberts@example.com,115
711,Robert Mcfarland,10B,anthonysanders@example.org,107
712,Cathy Jackson,11A,nvasquez@example.org,117
713,Andrea Sanchez,11A,scottariel@example.com,118
714,Michael Trujillo,10B,utran@example.org,113
715,Jennifer Willis,11A,kennethcharles@example.org,106
716,Michael Becker,11A,stevensimon@example.org,114
717,Jeffrey Stephenson,10B,ugrant@example.net,118
718,Ashley Terry,11A,robertsnicole@example.net,111
719,Mercedes Reyes,10A,amywatson@example.org,111
720,Brandon Peterson,11A,waterscindy@example.org,102
721,Amanda Griffin,11B,brittany52@example.org,117
722,Gilbert Walker,10A,jon62@example.org,105
723,Maureen Green,10A,matthew35@example.org,105
724,Amber Thomas,10B,jenniferkemp@example.com,116
725,Christian Meadows,11B,jonesjulie@example.com,106
726,Jeanne Jones,10B,samuelfrazier@example.org,117
727,David Ramirez,10A,stephen33@example.org,101
728,Eduardo Mcgrath,10B,erikbrown@example.net,107
729,Mark Yates,11B,jessica24@example.org,102
730,John Morales,11A,ljohnson@example.net,106
731,Cindy Booth,10B,kathy27@example.org,106
732,Adam Burke,10B,qturner@example.net,120
733,Mckenzie Burns,10A,ayerssean@example.net,112
734,Haley Davis,10A,amanda73@example.net,101
735,Steven Gallegos,11A,lucaswilliams@example.org,102
736,Christine Solis,11A,reidlindsay@example.com,108
737,Janice Hayes,10B,william69@example.org,113
738,Sean Jones MD,10B,harrycollins@example.org,113
739,Jo Austin,10B,tracygregory@example.net,105
740,Barbara Sosa,11B,tandrade@example.org,111
741,Crystal Thompson,11B,christina10@example.com,102
742,Duane Schneider,11A,ypowell@example.com,106
743,Caleb Chan,11B,patricia41@example.net,113
744,John Caldwell,11A,williamscheryl@example.com,105
745,Daniel Richmond,10B,rebecca19@example.org,113
746,Robert Wilson,10B,xhooper@example.com,103
747,David Hoover,11A,jennifer55@example.org,113
748,Monique Schneider,11B,carmen59@example.org,120
749,Michelle Williams,10B,washingtonvalerie@example.com,108
750,Angela Roberts,10B,xperez@example.org,103
751,Cynthia Reyes,11A,phillipallen@example.net,110
752,Susan Jenkins,11A,parsonsrobert@example.org,105
753,Robert Santiago,11A,smithnicole@example.com,103
754,Ashley Garner,11A,dianedominguez@example.com,117
755,Andrew Fields,10B,jasondavis@example.com,105
756,Stephanie Davis,11A,johnsonnicole@example.net,101
757,Anita Hernandez,10A,krystalwong@example.org,116
758,Kim Simmons,10A,nsimmons@example.org,114
759,Joyce Howell,10B,moniquemurphy@example.com,114
760,Aaron Gibson,11A,gwest@example.com,110
761,Patrick Lindsey,10B,karen80@example.com,101
762,Michael Martin,10A,amber19@example.net,119
763,Angel Short,11A,woodsheila@example.com,112
764,Holly Walsh,11B,hansonmathew@example.net,101
765,Jose Gould,10B,mary83@example.com,105
766,David Jacobs,10B,bryantlauren@example.com,103
767,Jack Garcia,10A,wrobinson@example.com,114
768,Michael Horn,10A,hbrown@example.com,103
769,Christian Nash,10B,ruizkristi@example.net,108
770,Brian Fisher,10B,ecarney@example.org,102
771,Michael Patton,11A,laurenrichardson@example.com,114
772,Rachel Smith,10A,johnsonchristopher@example.com,117
773,Shannon Robinson,10B,ashleypierce@example.org,105
774,Erin Thornton,10B,angelicalawrence@example.com,117
775,Thomas Graham,11A,mariahowell@example.org,106
776,Steven Miller,11B,brightdouglas@example.com,119
777,Christina Huerta DVM,11B,romankimberly@example.com,104
778,Derek Williamson,11B,kaitlynwright@example.net,113
779,Alejandro Wright,11B,hendrixkristen@example.com,103
780,Julie Merritt,11A,markwilkinson@example.com,112
781,Lauren Martinez,11A,johnpowers@example.org,101
782,Sandra Kemp,10B,rhondaayala@example.com,112
783,Crystal Matthews,11A,jacob19@example.org,112
784,Daniel Irwin,10A,hchristensen@example.com,110
785,Mark Williams,11A,kyle00@example.org,117
786,Terri Woods,11B,riverahannah@example.net,115
787,James Barnett,10B,ctorres@example.org,120
788,Amy Wyatt,10B,deleondavid@example.net,108
789,Amanda Mcclain,11A,jasoncox@example.com,115
790,Christopher Washington,11A,ambergraham@example.net,114
791,Christopher Mcfarland,11A,smithgregory@example.net,111
792,Randy Gibson,10B,randy38@example.org,115
793,Kristin Baker,10B,smithpeter@example.com,115
794,Sierra Hunt,11A,martinezkristie@example.net,109
795,Nathan Heath,10B,gfischer@example.com,111
796,Michelle Barnes,11B,jasminehartman@example.net,104
797,Rachel Taylor,10A,hendersonjames@example.org,114
798,Tiffany Johnson,11B,zboyer@example.org,119
799,Sara Mitchell,11A,reidwendy@example.org,116
800,Tammy Mccarthy,10A,keith86@example.org,104
801,Joseph Wilkins,11A,melissalloyd@example.net,117
802,Jennifer Johnston,10B,jonmullins@example.net,116
803,Angela Barnett,11B,nicholas35@example.org,107
804,Nicole Jenkins,10B,jeff45@example.net,112
805,Bryan Pierce,10A,davisdennis@example.com,104
806,Robert Suarez,10B,pattersonjames@example.com,109
807,Melissa Brooks,10B,shannon88@example.org,111
808,Bradley Mccullough,11B,gene84@example.com,118
809,Jessica Patterson,10B,kjackson@example.com,108
810,Christopher Henderson,10B,bsmith@example.org,107
811,Amy Hall,10A,grichards@example.net,109
812,Denise Cooley,10A,schwartzsamuel@example.com,107
813,Roy Luna,11A,isaacbowers@example.org,110
814,Cheryl Lozano,11B,joneslori@example.net,115
815,Michael Myers,10B,vmorris@example.net,102
816,Angel Kelley,10A,graytravis@example.com,111
817,Brent Mcdonald,11B,ulopez@example.com,120
818,Victoria Ramirez,10A,youngthomas@example.org,105
819,Justin Hanson,10A,marcus80@example.org,118
820,Michael Peterson,11A,benjaminnunez@example.org,116
821,Barbara Li,10A,hblake@example.com,105
822,Matthew Reeves,11B,sandrasandoval@example.org,110
823,Jessica Smith,10A,julia87@example.net,108
824,Glenn Choi Jr.,11B,nicholsjared@example.net,104
825,Tammy Lane,11B,simsfrank@example.net,115
826,David Houston,11A,hudsonchris@example.org,115
827,Brandi Flynn,10B,bushdarin@example.org,118
828,Michaela Kent,11B,david57@example.org,112
829,Peggy Gardner,11B,schroederjohn@example.net,115
830,Adam Vincent,11B,davissarah@example.org,118
831,Kathleen Watts MD,10A,bjones@example.net,107
832,Raymond Powell,10A,terrancerogers@example.org,115
833,Justin Martin,11A,ericgreen@example.org,118
834,Angela Melton,11A,justin17@example.com,102
835,Jennifer Hodges,11B,michelebowman@example.com,111
836,Ralph Harvey,10B,timothy91@example.net,103
837,Andrew Morris,11B,thompsonshane@example.net,107
838,Heather Williams,11B,coconnell@example.net,119
839,Terry Mccormick,11A,ebowman@example.org,120
840,Sherry Campos,10A,othompson@example.com,107
841,Adam Smith,10A,phillipsmichael@example.net,114
842,Veronica Buchanan,11A,sarahbarker@example.com,108
843,Kevin Sanchez,10A,megan80@example.org,110
844,Cynthia Thomas,11A,lukekeller@example.org,118
845,Crystal Mathis,11A,ccrosby@example.org,110
846,Curtis Castillo,11B,wrighttyrone@example.net,110
847,Krista Gibbs,11B,zreynolds@example.net,118
848,Ronald Brown,10A,michaelgregory@example.net,115
849,Renee Butler,10A,otaylor@example.org,114
850,Michael Martin,10B,hernandezamy@example.net,115
851,Joseph Ochoa,11A,lancesmith@example.net,114
852,Craig Stewart,10A,hjohnson@example.org,101
853,Angela Leonard,11B,johnkelly@example.org,118
854,Jennifer Anthony,11B,kevin52@example.net,119
855,Gary Gray,10B,jasonpayne@example.com,112
856,David Roach,11B,cnorris@example.net,112
857,Jacob Patton,11B,milleranthony@example.net,109
858,Dylan Andrade,10B,washingtonaaron@example.com,113
859,David Collins,10B,valdezmarissa@example.com,114
860,Roger White,10A,calebkerr@example.org,107
861,Courtney Jones,11A,joshua92@example.net,116
862,Melissa Beard,11A,vgreen@example.net,112
863,Tara Cabrera,11A,cruzrobert@example.org,109
864,Diane Becker,10A,reginahowe@example.net,106
865,Joshua Rodriguez,10A,thomas19@example.org,119
866,Susan Reed,10A,taylorwilliam@example.org,120
867,Lisa Miller,10A,michael29@example.org,115
868,Wesley Gonzalez,10A,crystalwilliams@example.net,112
869,Steven Ramirez,11A,colleenrivera@example.net,119
870,Jonathan Martinez,10A,erikavincent@example.org,107
871,Blake Landry,11B,thomaswilliamson@example.org,116
872,Wayne Beck,10B,dstrong@example.org,113
873,Christopher Novak,10B,victorianewton@example.org,102
874,Anthony Wood,11B,vanessahardy@example.com,103
875,Johnny Kidd,11A,justinwagner@example.com,119
876,Reginald Walters,10A,ashleymason@example.com,116
877,Brian Johnson,10B,carpenterhenry@example.org,102
878,Rebekah Burgess,11A,raypowell@example.net,112
879,Heather Rodriguez,10A,xriley@example.net,104
880,Kelsey Smith,11A,hamiltonjennifer@example.net,115
881,Charles Nunez,11B,wandaharrison@example.net,118
882,Timothy Foster,11B,edwardsjennifer@example.com,110
883,William Brown,11B,obryant@example.com,115
884,David Hughes,10A,joshuacoleman@example.net,111
885,Theresa Alvarez,10A,jenkinserika@example.org,115
886,Tonya Foley,11B,nbates@example.net,120
887,Eric Jones,10B,thenderson@example.net,113
888,Michelle Sanders,11B,diazsarah@example.net,112
889,Andrew Matthews,11B,grayfrank@example.com,106
890,Patty Lopez,11A,keith93@example.com,109
891,Brian Hahn,11B,baxterjeremy@example.org,117
892,Edward Crane,11B,amybaker@example.org,120
893,Stephen Byrd,11B,fordjonathan@example.com,114
894,Larry Stevens,10B,ramosrobert@example.org,110
895,Laura Miller,11B,hilltristan@example.org,110
896,Lisa Anthony,10A,veronicasmith@example.com,103
897,Victoria Moore,10B,gabriellesuarez@example.net,102
898,Nicholas Shaw,10B,elizabethtaylor@example.org,118
899,Brenda Young,10B,henrymann@example.net,111
900,Matthew Phillips,10B,williamsondeborah@example.net,109
901,Daniel Hill,10A,palmertonya@example.com,101
902,Christina Thomas,11A,eric83@example.org,115
903,April Barnes,10A,watsonkathleen@example.org,114
904,Jacqueline Barber MD,10A,paul40@example.net,119
905,Victoria Evans,11A,mwaters@example.com,107
906,Samuel Zhang,11B,jonathangarza@example.com,113
907,Chloe Newton,11A,antonio48@example.com,113
908,Samuel Wagner,11A,nhall@example.net,116
909,Jacqueline Davis,11B,michaelparrish@example.org,105
910,Monica Blankenship,10B,esummers@example.net,119
911,Jeremy Farmer,11A,loritorres@example.com,114
912,Mike Johnston,10A,ymartinez@example.net,102
913,James Caldwell,10A,dylanbuchanan@example.org,116
914,Lauren Garcia,10A,kharrington@example.com,103
915,Larry Robinson,11A,guzmanbrent@example.net,118
916,Kimberly Haley,11A,brent65@example.com,120
917,Robert Bailey,10B,psherman@example.net,119
918,Julie Johnson,11A,karenknight@example.net,117
919,Christina Tate,11B,tylerparker@example.com,105
920,Mr. Kyle Sanchez,10A,kristinbrown@example.org,106
921,Ryan Barnett,10B,colemanjeffrey@example.com,116
922,Billy Nguyen,10B,heathergreen@example.org,104
923,Veronica Campbell,10B,garcher@example.com,101
924,Sean Brandt,11A,wfarrell@example.net,120
925,Jeffrey Vincent,11A,nathanmolina@example.org,116
926,Donna Jackson,11A,stricklanddaniel@example.org,115
927,Donald Hampton,10B,perkinscathy@example.net,105
928,Suzanne Wagner,11B,davidallen@example.org,120
929,Jessica Ellis,11B,elizabethkidd@example.org,111
930,Mitchell Harding,11B,hawkinstony@example.org,104
931,Gregory Cohen,11B,jjacobson@example.net,103
932,Erin Davila,10B,ohardin@example.org,111
933,Karen Santiago,10A,kellyramirez@example.org,113
934,Mr. William Newman,10A,hansonmarc@example.org,103
935,Erin Morrison,10B,owenmichael@example.com,116
936,Justin Carter,11A,watsonashley@example.org,101
937,Bryan Evans,10B,randerson@example.org,120
938,Johnathan Barton,10B,davidvasquez@example.com,113
939,Thomas Howell,10A,amandahopkins@example.org,105
940,Tonya Kelley,11B,davidmora@example.org,103
941,Alejandra Welch,11B,isellers@example.com,115
942,Justin Smith,11B,jenniferparker@example.com,111
943,Alan Simon,11A,wneal@example.org,109
944,David Garcia,11B,lanejason@example.org,108
945,Mr. Isaiah Fitzpatrick,11B,joseph45@example.org,118
946,George Cameron,10A,woodardwilliam@example.net,119
947,Victoria Blake,10A,qhammond@example.com,109
948,James Nelson,11B,hallconnie@example.org,106
949,Sarah Hughes,10B,taylor83@example.com,112
950,Katherine Hunt,11A,christian42@example.net,114
951,Nicole Flores,10B,schavez@example.org,106
952,Mitchell Porter,11B,gregory18@example.net,110
953,Edwin Levy,10B,vnichols@example.com,118
954,Donald Aguirre,11B,tylerwalker@example.org,101
955,John Snyder,10A,fcaldwell@example.com,118
956,Caleb Davis,11B,jennifer84@example.org,112
957,Anthony Sanchez,11B,matthewmercer@example.org,104
958,Valerie Thompson,10A,mary52@example.net,101
959,Stephen Patterson,10B,xrussell@example.net,110
960,Allison Williams,10B,whawkins@example.net,103
961,Christopher Davis,10B,brucebenjamin@example.org,110
962,Eileen Lam,10B,williambarajas@example.org,112
963,Tyler Smith,11A,nicholas45@example.com,115
964,Brendan Barron,11B,halldale@example.org,120
965,James Perkins,11A,kroberts@example.org,101
966,Daniel Larson,11B,dawnmills@example.com,101
967,Felicia Hanna,10A,jared85@example.com,101
968,Andrew Schaefer DDS,11A,mariarivera@example.net,112
969,George Barker,10B,bwatson@example.net,103
970,Melanie Silva,10B,bellchristopher@example.net,116
971,Richard Jimenez,10A,carla03@example.com,108
972,John Norman,10A,emily32@example.net,102
973,Dr. Jeffrey Wright,11A,wilcoxsophia@example.org,101
974,Kellie Stokes,10B,ppotts@example.net,115
975,Benjamin Oliver,10A,simpsonvictoria@example.org,113
976,Jamie Jones,11B,christinaroman@example.org,106
977,Chad Herrera,11A,efrancis@example.com,105
978,Ruth Irwin,11A,john81@example.com,102
979,Dr. Karen Johnston,10A,harmonamy@example.net,120
980,Joseph Cunningham,11B,daniel21@example.org,113
981,Bethany Thompson,11A,carneycassie@example.org,105
982,Courtney Wallace DVM,11A,bartonearl@example.org,105
983,Jennifer Wilson,11A,aburns@example.org,116
984,Jenny Lopez,11B,lopezjoanna@example.org,104
985,Joan Gilbert,10A,rebecca76@example.com,113
986,Bryan Roberson,11A,valenzuelakimberly@example.org,119
987,Nancy Levine,11B,grantstephen@example.org,106
988,Mercedes Walker,10A,steven95@example.net,102
989,Robert Brown,11B,smithgregory@example.org,113
990,Jose Bennett,10B,jessefrazier@example.com,107
991,Nicholas Martinez,11A,laurenanderson@example.com,116
992,John Michael,10B,kathryn54@example.org,120
993,Anne Mills,11A,kellysalazar@example.net,109
994,Shawn Ramirez,10B,vmann@example.net,109
995,Lauren Johnson,10B,rbrooks@example.com,106
996,Logan Moore,11A,jeffrey45@example.org,112
997,Savannah Scott,11A,hoganvictoria@example.com,115
998,Leon Baker,11A,josephnelson@example.com,117
999,Jason Phillips,10B,whitecaitlin@example.org,112
1000,Antonio Diaz,10B,vanessajones@example.org,113
